{"cameraMode":{"drawMode":0,"name":"Shaded","section":"Shading Mode"},"sceneLighting":true,"audioPlay":false,"sceneViewState":{"showFog":true,"showMaterialUpdate":false,"showSkybox":true,"showFlares":true,"showImageEffects":true,"showParticleSystems":true},"in2DMode":false,"pivot":{"x":2.9802322387695315e-8,"y":0.5299999713897705,"z":-5.960464477539063e-8},"rotation":{"x":-0.02208096534013748,"y":0.9769731163978577,"z":-0.12673313915729524,"w":-0.17021964490413667},"size":9.825484275817871,"orthographic":true}