{"cameraMode":{"drawMode":0,"name":"Shaded","section":"Shading Mode"},"sceneLighting":true,"audioPlay":false,"sceneViewState":{"showFog":true,"showMaterialUpdate":false,"showSkybox":true,"showFlares":true,"showImageEffects":true,"showParticleSystems":true},"in2DMode":false,"pivot":{"x":2.9802322387695315e-8,"y":0.5299999713897705,"z":-5.960464477539063e-8},"rotation":{"x":-0.02549854665994644,"y":0.9665740132331848,"z":-0.23193176090717317,"w":-0.10626492649316788},"size":6.339736461639404,"orthographic":true}